<?xml version="1.0" encoding="UTF-8"?>
<project-private xmlns="http://www.netbeans.org/ns/project-private/1">
    <editor-bookmarks xmlns="http://www.netbeans.org/ns/editor-bookmarks/2" lastBookmarkId="0"/>
    <open-files xmlns="http://www.netbeans.org/ns/projectui-open-files/2">
        <group>
            <file>file:/G:/La%20meva%20unitat/Docent/IOC/DAW%20-%20DAM/M3%20Programació/1920_S2/EAC6/DA2_M03B2_EAC6P2_solucio/src/da2_m03b2_eac6_solucio/AppEac6P2.java</file>
            <file>file:/G:/La%20meva%20unitat/Docent/IOC/DAW%20-%20DAM/M3%20Programació/1920_S2/EAC6/DA2_M03B2_EAC6P2_solucio/src/da2_m03b2_eac6_solucio/GestorFitxers.java</file>
        </group>
    </open-files>
</project-private>
